{
  "best_epoch": 10,
  "best_val_loss": 2.5448921650480374,
  "final_eval_split": "test",
  "final_eval_total_loss": 2.4753546857719515,
  "final_eval_style_loss": 2.3987580026082282,
  "final_eval_gender_loss": 0.255322270479491,
  "style_accuracy": 0.24737473747374739,
  "style_accuracy_percent": 24.73747374737474,
  "style_precision_macro": 0.23015264433541002,
  "style_recall_macro": 0.259992167799243,
  "style_f1_macro": 0.22369820640721247,
  "style_precision_weighted": 0.3083432612950544,
  "style_recall_weighted": 0.24737473747374739,
  "style_f1_weighted": 0.2370636758910987,
  "gender_accuracy": 0.8925142514251425,
  "gender_accuracy_percent": 89.25142514251425,
  "gender_precision_macro": 0.881290942352677,
  "gender_recall_macro": 0.8947606617561723,
  "gender_f1_macro": 0.8866802609778913,
  "gender_precision_weighted": 0.8967792854786444,
  "gender_recall_weighted": 0.8925142514251425,
  "gender_f1_weighted": 0.8934457613048193,
  "combined_accuracy": 0.23154815481548155,
  "combined_accuracy_percent": 23.154815481548155,
  "accuracy": 0.23154815481548155,
  "accuracy_percent": 23.154815481548155,
  "final_eval_accuracy_percent": 23.154815481548155,
  "combined_precision_macro": 0.22645444090699934,
  "combined_recall_macro": 0.23545356454316999,
  "combined_f1_macro": 0.2077969483325351,
  "combined_precision_weighted": 0.2729463070834825,
  "combined_recall_weighted": 0.23154815481548155,
  "combined_f1_weighted": 0.21618027553488056,
  "precision_macro": 0.22645444090699934,
  "recall_macro": 0.23545356454316999,
  "f1_macro": 0.2077969483325351,
  "precision_weighted": 0.2729463070834825,
  "recall_weighted": 0.23154815481548155,
  "f1_weighted": 0.21618027553488056,
  "combined_unknown_pair_pred_count": 394,
  "num_train_images": 68195,
  "num_val_images": 17044,
  "num_test_images": 13332,
  "num_style_classes": 27,
  "num_gender_classes": 2,
  "num_combined_classes": 31,
  "num_classes": 31,
  "feature_dim": 2048,
  "actual_style_count": 27,
  "actual_gender_count": 2,
  "actual_label_count": 31,
  "image_size": 224,
  "batch_size": 32,
  "dropout_p": 0.2,
  "lr": 0.0001,
  "val_ratio": 0.2,
  "gender_loss_weight": 0.3,
  "invalid_train_filenames": 0,
  "invalid_val_filenames": 0,
  "invalid_test_filenames": 2,
  "dropped_val_labels_not_in_train": 0,
  "dropped_test_labels_not_in_train": 0,
  "resize": "(448, 224)",
  "norm_mean": [
    0.5294966101646423,
    0.5011918544769287,
    0.4870317876338959
  ],
  "norm_std": [
    0.3116980195045471,
    0.30609413981437683,
    0.3095097541809082
  ]
}