{
"mean": [
    0.5294966101646423,
    0.5011918544769287,
    0.4870317876338959
  ],
  "std": [
    0.3116980195045471,
    0.30609413981437683,
    0.3095097541809082
  ]
}