{
  "best_epoch": 10,
  "best_val_loss": 2.5871606888511613,
  "final_eval_split": "test",
  "final_eval_loss": 2.545363401337493,
  "final_eval_accuracy_percent": 24.76747674767477,
  "accuracy": 0.2476747674767477,
  "accuracy_percent": 24.76747674767477,
  "precision_macro": 0.23220739028772333,
  "recall_macro": 0.2489224818808866,
  "f1_macro": 0.21899386397757095,
  "precision_weighted": 0.2901452112123887,
  "recall_weighted": 0.2476747674767477,
  "f1_weighted": 0.24239166703764314,
  "num_train_images": 68195,
  "num_val_images": 17044,
  "num_test_images": 13332,
  "num_classes": 31,
  "feature_dim": 2048,
  "actual_style_count": 27,
  "actual_gender_count": 2,
  "actual_label_count": 31,
  "model_family": "resnet50_custom",
  "init_mode": "scratch",
  "data_split_mode": "external_train_val_test_paths",
  "image_size": 224,
  "batch_size": 32,
  "dropout_p": 0.2,
  "lr": 0.0001,
  "use_class_weights": true,
  "invalid_train_filenames": 0,
  "invalid_val_filenames": 0,
  "invalid_test_filenames": 2,
  "dropped_val_labels_not_in_train": 0,
  "dropped_test_labels_not_in_train": 0,
  "resize": "(448, 224)",
  "norm_mean": [
    0.5294966101646423,
    0.5011918544769287,
    0.4870317876338959
  ],
  "norm_std": [
    0.3116980195045471,
    0.30609413981437683,
    0.3095097541809082
  ]
}